COMPLAINT_ID,COMPLAINT_START_DATE,COMPLAINT_START_TIME,COMPLAINT_END_DATE,COMPLAINT_END_TIME,PRECINCT,COMPLAINT_REPORT_DATE,OFFENSE_CLASSIFICATION_CODE,DESCRIPTION_OF_OFFENSE,INTERNAL_CLASSIFICATION_CODE,DESCRIPTION_OF_INTERNAL_CLASSIFICATION,CRIME_COMPLETED_OR_NOT,LEVEL_OF_OFFENSE,BOROUGH_NAME,LOCATION_OF_OCCURENCE,PREMISE_TYPE_DESCRIPTION,JURISDICTION_CODE_DESC,JURISDICTION_CODE,PARK_NAME,NYCHA_HOUSING_NAME,DEVELOPMENT_LEVEL_CODE,X_COORD_CD,Y_COORD_CD,SUSPECT_AGE_GROUP,SUSPECT_RACE,SUSPECT_SEX,TRANSIT_DISTRICT,Latitude,Longitude,Lat_Lon,PATROL_BOROUGH,TRANSIT_STATION_NAME,VICTIM_AGE_GROUP,VICTIM_RACE,VICTIM_SEX
469069650,9/4/19,9:00:00,9/4/19,10:00:00,9,9/4/19,341,PETIT LARCENY,321,"LARCENY,PETIT FROM AUTO",COMPLETED,MISDEMEANOR,MANHATTAN,REAR OF,,N.Y. POLICE DEPT,0,,,,989667,203049,,,,,40.72400587,-73.98045826,"(40.724005870000035, -73.98045825599996)",PATROL BORO MAN SOUTH,,25-44,BLACK,F
629841380,8/31/19,18:58:00,8/31/19,19:03:00,50,8/31/19,341,PETIT LARCENY,343,"LARCENY,PETIT OF BICYCLE",COMPLETED,MISDEMEANOR,BRONX,FRONT OF,STREET,N.Y. POLICE DEPT,0,,,,1007013,260060,,,,,40.88045773,-73.91768494,"(40.88045772900006, -73.91768494199994)",PATROL BORO BRONX,,45-64,WHITE,M
918597562,8/31/07,17:00:00,,,33,9/4/07,107,BURGLARY,211,"BURGLARY,COMMERCIAL,DAY",COMPLETED,FELONY,MANHATTAN,INSIDE,DRUG STORE,N.Y. POLICE DEPT,0,NA,,NA,1001734,247180,,,,,40.84511806,-73.93680867,"(40.845118059, -73.936808674)",PATROL BORO MAN NORTH,,<18,BLACK HISPANIC,M
224389328,9/7/19,22:00:00,9/7/19,22:02:00,19,9/7/19,341,PETIT LARCENY,333,"LARCENY,PETIT FROM STORE-SHOPL",COMPLETED,MISDEMEANOR,MANHATTAN,INSIDE,CHAIN STORE,N.Y. POLICE DEPT,0,,,,994570,217188,UNKNOWN,BLACK,M,,40.76280954,-73.96274776,"(40.76280953700007, -73.96274775799998)",PATROL BORO MAN NORTH,,UNKNOWN,AMERICAN INDIAN/ALASKAN NATIVE,M
303540290,2/5/15,13:55:00,2/5/15,14:20:00,79,2/5/15,107,BURGLARY,231,"BURGLARY,TRUCK DAY",COMPLETED,FELONY,BROOKLYN,OPPOSITE OF,STREET,N.Y. POLICE DEPT,0,,,NA,1001063,186966,,UNKNOWN,U,,40.67984749,-73.93938447,"(40.67984749, -73.939384473)",PATROL BORO BKLYN NORTH,,,UNKNOWN,M
323600093,6/10/10,21:30:00,7/12/10,14:06:00,42,7/12/10,344,ASSAULT 3 & RELATED OFFENSES,101,ASSAULT 3,COMPLETED,MISDEMEANOR,BRONX,,PARK/PLAYGROUND,N.Y. POLICE DEPT,0,NA,,NA,1012821,242896,25-44,BLACK,M,,40.83333082,-73.89675498,"(40.833330819, -73.896754982)",PATROL BORO BRONX,,18-24,ASIAN / PACIFIC ISLANDER,F
318057989,4/30/16,4:10:00,,,52,4/30/16,341,PETIT LARCENY,321,"LARCENY,PETIT FROM AUTO",ATTEMPTED,MISDEMEANOR,BRONX,,STREET,N.Y. POLICE DEPT,0,,,NA,1017439,261510,,,,,40.88440448,-73.87997486,"(40.884404476, -73.87997486)",PATROL BORO BRONX,,65+,WHITE HISPANIC,F